,discovery_id,fuzzer,block_source,block_target
1,1,symcc-0-exid2,25644,25991
2,2,symcc-0-exid2,11379,11418
3,3,fairfuzz-0-exid2,8327,8319
4,4,symcc-0-exid2,13398,13372
5,5,fairfuzz-0-exid2,10949,10956
8,8,mopt-0-exid2,125,168
9,9,symcc-0-exid2,29852,29859
10,10,fairfuzz-0-exid2,5403,5607
11,11,mopt-0-exid2,10350,10361
14,14,mopt-0-exid2,1200,1214
15,15,symcc-0-exid2,10459,10503
16,16,fairfuzz-0-exid2,12543,12548
18,18,symcc-0-exid2,13296,13302
19,19,fairfuzz-0-exid2,13212,13212
20,20,mopt-0-exid2,29852,29859
21,21,symcc-0-exid2,8939,8960
22,22,fairfuzz-0-exid2,10815,10904
24,24,symcc-0-exid2,12734,12740
25,25,fairfuzz-0-exid2,9597,9611
26,26,mopt-0-exid2,28796,29001
27,27,symcc-0-exid2,9792,9796
28,28,fairfuzz-0-exid2,9780,9787
29,29,mopt-0-exid2,6033,6038
32,32,mopt-0-exid2,10815,10904
35,35,mopt-0-exid2,12812,12830
36,36,symcc-0-exid2,2058,2067
37,37,fairfuzz-0-exid2,9546,9553
38,38,mopt-0-exid2,11033,11050
46,46,fairfuzz-0-exid2,11572,11583
47,47,mopt-0-exid2,2097,2102
48,48,symcc-0-exid2,2201,2201
49,49,fairfuzz-0-exid2,10968,10975
50,50,mopt-0-exid2,11612,11618
51,51,symcc-0-exid2,1825,1829
52,52,fairfuzz-0-exid2,2115,2129
53,53,mopt-0-exid2,11563,11572
55,55,fairfuzz-0-exid2,10985,10993
56,56,aflplusplus-0-exid2,8386,8390
57,57,mopt-0-exid2,2201,2201
59,59,symcc-0-exid2,10968,10975
60,60,aflplusplus-0-exid2,10286,10289
61,61,mopt-0-exid2,9785,9787
63,63,symcc-0-exid2,10985,10993
64,64,aflplusplus-0-exid2,280,1445
68,68,aflplusplus-0-exid2,12485,12500
71,71,symcc-0-exid2,9099,9111
72,72,aflplusplus-0-exid2,28792,28796
73,73,mopt-0-exid2,1095,1109
74,74,symcc-0-exid2,2398,2412
76,76,mopt-0-exid2,3134,3153
78,78,aflplusplus-0-exid2,9532,9593
79,79,fairfuzz-0-exid2,2172,2188
80,80,mopt-0-exid2,11572,11577
81,81,symcc-0-exid2,9210,9227
83,83,aflplusplus-0-exid2,11326,11341
84,84,mopt-0-exid2,6084,6137
89,89,symcc-0-exid2,10367,10508
91,91,fairfuzz-0-exid2,11568,11577
94,94,aflplusplus-0-exid2,579,2468
97,97,symcc-0-exid2,2129,2144
98,98,fairfuzz-0-exid2,9111,9117
101,101,aflplusplus-0-exid2,10064,10062
102,102,fairfuzz-0-exid2,738,752
105,105,aflplusplus-0-exid2,1172,2468
109,109,fairfuzz-0-exid2,1719,1723
110,110,mopt-0-exid2,923,927
111,111,symcc-0-exid2,11572,11583
112,112,fairfuzz-0-exid2,11138,11301
119,119,mopt-0-exid2,801,815
124,124,fairfuzz-0-exid2,8787,8813
125,125,mopt-0-exid2,10331,10367
127,127,fairfuzz-0-exid2,6084,6137
128,128,mopt-0-exid2,2129,2144
129,129,symcc-0-exid2,10542,10564
135,135,aflplusplus-0-exid2,843,857
137,137,fairfuzz-0-exid2,2441,290
144,144,symcc-0-exid2,280,1091
148,148,mopt-0-exid2,11550,11608
150,150,symcc-0-exid2,1067,2468
152,152,fairfuzz-0-exid2,9169,9227
156,156,symcc-0-exid2,941,2468
158,158,fairfuzz-0-exid2,9010,9031
159,159,symcc-0-exid2,9785,9838
162,162,symcc-0-exid2,9010,9031
163,163,mopt-0-exid2,9010,9031
164,164,fairfuzz-0-exid2,10542,10564
167,167,fairfuzz-0-exid2,2372,2385
170,170,fairfuzz-0-exid2,10367,10508
178,178,mopt-0-exid2,9807,9820
179,179,fairfuzz-0-exid2,1109,2468
180,180,symcc-0-exid2,9136,9157
189,189,symcc-0-exid2,815,2468
193,193,fairfuzz-0-exid2,9573,9583
194,194,mopt-0-exid2,10542,10564
203,203,mopt-0-exid2,9169,9227
209,209,mopt-0-exid2,12566,12575
211,211,fairfuzz-0-exid2,11253,11262
214,214,fairfuzz-0-exid2,1067,2468
219,219,symcc-0-exid2,3153,3159
221,221,mopt-0-exid2,9151,9157
227,227,mopt-0-exid2,28896,28904
228,228,symcc-0-exid2,944,948
229,229,mopt-0-exid2,2372,2385
232,232,mopt-0-exid2,3159,3159
240,240,symcc-0-exid2,9807,9820
247,247,mopt-0-exid2,9099,9111
250,250,mopt-0-exid2,9802,9838
252,252,symcc-0-exid2,11225,11253
254,254,fairfuzz-0-exid2,815,2468
257,257,fairfuzz-0-exid2,11220,11281
262,262,mopt-0-exid2,28904,28939
281,281,fairfuzz-0-exid2,2441,2372
285,285,mopt-0-exid2,11278,11295
286,286,symcc-0-exid2,11138,11301
287,287,fairfuzz-0-exid2,13262,13347
288,288,mopt-0-exid2,11004,11017
296,296,aflplusplus-0-exid2,2394,2398
299,299,symcc-0-exid2,11537,11550
301,301,fairfuzz-0-exid2,2398,2441
303,303,symcc-0-exid2,2372,2385
304,304,aflplusplus-0-exid2,9136,9139
305,305,fairfuzz-0-exid2,3159,3246
308,308,aflplusplus-0-exid2,10968,10975
310,310,mopt-0-exid2,1221,1235
311,311,symcc-0-exid2,1852,1866
312,312,aflplusplus-0-exid2,28904,28910
316,316,aflplusplus-0-exid2,1843,341
320,320,aflplusplus-0-exid2,1737,341
324,324,aflplusplus-0-exid2,3121,3153
325,325,fairfuzz-0-exid2,11550,11608
330,330,symcc-0-exid2,9817,9820
333,333,fairfuzz-0-exid2,12558,12566
338,338,symcc-0-exid2,1361,2468
341,341,fairfuzz-0-exid2,1628,1643
343,343,mopt-0-exid2,10331,10500
345,345,fairfuzz-0-exid2,9812,9817
353,353,fairfuzz-0-exid2,3012,3121
356,356,aflplusplus-0-exid2,9780,9785
357,357,fairfuzz-0-exid2,9136,9157
361,361,fairfuzz-0-exid2,1130,2468
373,373,fairfuzz-0-exid2,311,341
377,377,fairfuzz-0-exid2,9785,9838
379,379,aflplusplus-0-exid2,11286,11301
380,380,mopt-0-exid2,885,899
381,381,fairfuzz-0-exid2,9802,9838
385,385,fairfuzz-0-exid2,11485,11618
387,387,symcc-0-exid2,7902,7908
389,389,fairfuzz-0-exid2,280,881
396,396,mopt-0-exid2,8025,8043
412,412,fairfuzz-0-exid2,941,2468
416,416,mopt-0-exid2,10415,10421
417,417,symcc-0-exid2,6084,6137
419,419,fairfuzz-0-exid2,280,1343
430,430,aflplusplus-0-exid2,10645,10688
433,433,symcc-0-exid2,467,481
440,440,mopt-0-exid2,9812,9817
443,443,mopt-0-exid2,9573,9583
445,445,symcc-0-exid2,11485,11618
447,447,mopt-0-exid2,2733,2836
448,448,fairfuzz-0-exid2,11017,11023
452,452,fairfuzz-0-exid2,1074,1088
456,456,fairfuzz-0-exid2,11411,11388
461,461,symcc-0-exid2,11281,11286
463,463,mopt-0-exid2,2412,2427
471,471,mopt-0-exid2,1807,1811
474,474,aflplusplus-0-exid2,2058,2067
478,478,aflplusplus-0-exid2,2089,2102
485,485,symcc-0-exid2,12617,12675
490,490,aflplusplus-0-exid2,1767,1781
495,495,mopt-0-exid2,297,311
497,497,symcc-0-exid2,28926,28939
498,498,aflplusplus-0-exid2,801,815
499,499,mopt-0-exid2,9785,9838
500,500,fairfuzz-0-exid2,1848,1852
506,506,mopt-0-exid2,13262,13347
513,513,aflplusplus-0-exid2,12558,12566
515,515,fairfuzz-0-exid2,5645,5669
517,517,aflplusplus-0-exid2,11278,11295
518,518,mopt-0-exid2,7902,7908
528,528,symcc-0-exid2,2683,2692
529,529,aflplusplus-0-exid2,2184,2188
533,533,aflplusplus-0-exid2,2675,2683
534,534,mopt-0-exid2,11220,11281
538,538,mopt-0-exid2,8813,8824
541,541,aflplusplus-0-exid2,2683,2675
542,542,mopt-0-exid2,11138,11301
543,543,fairfuzz-0-exid2,10421,10503
544,544,symcc-0-exid2,1088,2468
548,548,symcc-0-exid2,1811,341
550,550,mopt-0-exid2,1361,2468
555,555,fairfuzz-0-exid2,28926,28939
557,557,aflplusplus-0-exid2,2188,2217
564,564,symcc-0-exid2,9802,9838
569,569,aflplusplus-0-exid2,11138,11301
577,577,aflplusplus-0-exid2,9785,9838
581,581,mopt-0-exid2,1852,1866
582,582,aflplusplus-0-exid2,9136,9157
583,583,fairfuzz-0-exid2,10500,10503
585,585,mopt-0-exid2,2398,2441
589,589,aflplusplus-0-exid2,12938,12931
595,595,fairfuzz-0-exid2,1004,2468
598,598,mopt-0-exid2,11485,11618
605,605,aflplusplus-0-exid2,11147,11153
607,607,fairfuzz-0-exid2,1403,2468
609,609,aflplusplus-0-exid2,11411,11388
615,615,fairfuzz-0-exid2,467,481
626,626,mopt-0-exid2,28926,28910
630,630,mopt-0-exid2,10645,10688
632,632,symcc-0-exid2,11506,11518
636,636,symcc-0-exid2,2412,2427
637,637,aflplusplus-0-exid2,10421,10503
639,639,fairfuzz-0-exid2,8025,8043
647,647,fairfuzz-0-exid2,1340,2468
657,657,aflplusplus-0-exid2,280,1049
659,659,fairfuzz-0-exid2,10989,10993
665,665,aflplusplus-0-exid2,920,2468
668,668,symcc-0-exid2,3121,3153
669,669,aflplusplus-0-exid2,1284,1298
674,674,mopt-0-exid2,3012,3121
677,677,aflplusplus-0-exid2,1807,1811
686,686,mopt-0-exid2,463,467
701,701,mopt-0-exid2,11050,11058
704,704,symcc-0-exid2,11004,11017
710,710,aflplusplus-0-exid2,1004,2468
712,712,symcc-0-exid2,5645,5669
714,714,aflplusplus-0-exid2,822,836
715,715,fairfuzz-0-exid2,10645,10688
718,718,aflplusplus-0-exid2,1242,1256
722,722,aflplusplus-0-exid2,1661,2468
723,723,fairfuzz-0-exid2,446,460
724,724,symcc-0-exid2,8787,8813
731,731,symcc-0-exid2,8025,8043
732,732,mopt-0-exid2,1238,1242
738,738,mopt-0-exid2,1403,2468
743,743,fairfuzz-0-exid2,1763,1767
744,744,mopt-0-exid2,28669,28675
755,755,fairfuzz-0-exid2,280,1406
762,762,mopt-0-exid2,1070,1074
772,772,aflplusplus-0-exid2,6078,6084
782,782,mopt-0-exid2,10989,10993
784,784,aflplusplus-0-exid2,776,780
785,785,symcc-0-exid2,28926,28910
791,791,symcc-0-exid2,1410,2468
812,812,mopt-0-exid2,3118,3246
814,814,symcc-0-exid2,10645,10688
825,825,fairfuzz-0-exid2,11058,11069
832,832,mopt-0-exid2,1112,1116
851,851,symcc-0-exid2,1614,1628
854,854,symcc-0-exid2,1385,1389
867,867,fairfuzz-0-exid2,7740,7746
873,873,fairfuzz-0-exid2,3023,3095
878,878,symcc-0-exid2,1781,341
883,883,mopt-0-exid2,3121,3153
885,885,fairfuzz-0-exid2,11506,11518
886,886,mopt-0-exid2,1406,1410
890,890,symcc-0-exid2,1130,2468
894,894,fairfuzz-0-exid2,28669,28675
920,920,symcc-0-exid2,280,293
934,934,fairfuzz-0-exid2,28926,28910
947,947,symcc-0-exid2,11058,11069
966,966,fairfuzz-0-exid2,2683,2675
977,977,aflplusplus-0-exid2,280,533
980,980,fairfuzz-0-exid2,2028,341
988,988,fairfuzz-0-exid2,2833,2836
993,993,mopt-0-exid2,1614,1628
1005,1005,fairfuzz-0-exid2,1298,2468
1015,1015,symcc-0-exid2,776,780
1028,1028,symcc-0-exid2,986,990
1044,1044,symcc-0-exid2,2683,2675
1049,1049,symcc-0-exid2,11153,11162
1051,1051,symcc-0-exid2,2717,2726
1053,1053,symcc-0-exid2,11147,11281
1058,1058,symcc-0-exid2,12938,12931
1059,1059,fairfuzz-0-exid2,280,1807
1061,1061,symcc-0-exid2,10289,10306
1067,1067,symcc-0-exid2,10542,10553
1082,1082,symcc-0-exid2,11037,11050
1085,1085,symcc-0-exid2,13047,13050
1093,1093,fairfuzz-0-exid2,11153,11162
1098,1098,fairfuzz-0-exid2,920,2468
1100,1100,fairfuzz-0-exid2,2726,2717
1105,1105,fairfuzz-0-exid2,11147,11281
1106,1106,symcc-0-exid2,920,2468
1107,1107,fairfuzz-0-exid2,962,2468
1108,1108,mopt-0-exid2,1767,1781
1109,1109,symcc-0-exid2,1238,1242
1112,1112,fairfuzz-0-exid2,12938,12931
1120,1120,symcc-0-exid2,9861,9869
1128,1128,fairfuzz-0-exid2,10289,10306
1133,1133,fairfuzz-0-exid2,1242,1256
1140,1140,fairfuzz-0-exid2,10104,10112
1143,1143,symcc-0-exid2,10135,10142
1162,1162,fairfuzz-0-exid2,10289,10320
1172,1172,fairfuzz-0-exid2,10542,10553
1190,1190,symcc-0-exid2,11045,11076
1194,1194,symcc-0-exid2,11411,11388
1196,1196,symcc-0-exid2,9900,9897
1198,1198,mopt-0-exid2,906,920
1202,1202,fairfuzz-0-exid2,11033,11037
1204,1204,fairfuzz-0-exid2,10127,10135
1213,1213,symcc-0-exid2,10119,10157
1248,1248,symcc-0-exid2,759,773
1253,1253,mopt-0-exid2,11506,11518
1274,1274,fairfuzz-0-exid2,10741,10754
1278,1278,fairfuzz-0-exid2,280,776
1283,1283,symcc-0-exid2,280,818
1284,1284,fairfuzz-0-exid2,10127,10142
1285,1285,symcc-0-exid2,10127,10142
1297,1297,fairfuzz-0-exid2,13007,13019
1312,1312,fairfuzz-0-exid2,10157,10222
1318,1318,mopt-0-exid2,10741,10754
1320,1320,fairfuzz-0-exid2,9963,9976
1344,1344,symcc-0-exid2,2833,2836
1369,1369,fairfuzz-0-exid2,822,836
1371,1371,fairfuzz-0-exid2,10138,10147
1422,1422,symcc-0-exid2,2701,2836
1425,1425,fairfuzz-0-exid2,10112,10222
1441,1441,fairfuzz-0-exid2,3118,3246
1446,1446,mopt-0-exid2,2717,2726
1447,1447,fairfuzz-0-exid2,13296,13289
1455,1455,mopt-0-exid2,1028,1032
1459,1459,symcc-0-exid2,6124,6129
1462,1462,mopt-0-exid2,10404,10404
1466,1466,symcc-0-exid2,9639,9649
1487,1487,aflplusplus-0-exid2,11234,11240
1488,1488,symcc-0-exid2,11234,11240
1492,1492,fairfuzz-0-exid2,6124,6129
1502,1502,aflplusplus-0-exid2,759,773
1508,1508,fairfuzz-0-exid2,9639,9649
1520,1520,mopt-0-exid2,11411,11388
1524,1524,fairfuzz-0-exid2,11730,11742
1531,1531,symcc-0-exid2,11742,11748
1533,1533,fairfuzz-0-exid2,9546,9589
1542,1542,mopt-0-exid2,3034,3037
1550,1550,mopt-0-exid2,1326,1340
1551,1551,mopt-0-exid2,1007,1011
1556,1556,aflplusplus-0-exid2,1032,1046
1565,1565,symcc-0-exid2,13296,13289
1566,1566,symcc-0-exid2,9546,9589
1587,1587,aflplusplus-0-exid2,1852,1866
1592,1592,symcc-0-exid2,1025,2468
1595,1595,mopt-0-exid2,1280,1284
1599,1599,mopt-0-exid2,11247,11295
1600,1600,mopt-0-exid2,776,780
1608,1608,symcc-0-exid2,1032,1046
1622,1622,fairfuzz-0-exid2,3037,3095
1665,1665,fairfuzz-0-exid2,11240,11247
1678,1678,mopt-0-exid2,13296,13289
1681,1681,fairfuzz-0-exid2,11247,11234
1683,1683,symcc-0-exid2,11247,11234
1686,1686,aflplusplus-0-exid2,11485,11618
1700,1700,fairfuzz-0-exid2,731,2468
1709,1709,fairfuzz-0-exid2,13156,13181
1711,1711,fairfuzz-0-exid2,759,773
1722,1722,fairfuzz-0-exid2,1032,1046
1734,1734,fairfuzz-0-exid2,12619,12626
1768,1768,mopt-0-exid2,2701,2836
1802,1802,fairfuzz-0-exid2,12872,12865
1827,1827,mopt-0-exid2,12938,12931
1831,1831,mopt-0-exid2,10289,10306
1842,1842,mopt-0-exid2,280,986
1844,1844,mopt-0-exid2,9897,10016
1849,1849,mopt-0-exid2,13383,13398
1856,1856,fairfuzz-0-exid2,1007,1011
1857,1857,mopt-0-exid2,10289,10320
1862,1862,mopt-0-exid2,11037,11050
1864,1864,mopt-0-exid2,11147,11281
1866,1866,mopt-0-exid2,11730,11742
1868,1868,fairfuzz-0-exid2,969,983
1881,1881,mopt-0-exid2,7749,7819
1884,1884,mopt-0-exid2,10542,10553
1885,1885,mopt-0-exid2,9546,9589
1888,1888,mopt-0-exid2,10147,10157
1890,1890,mopt-0-exid2,280,2010
1894,1894,mopt-0-exid2,10127,10135
1898,1898,mopt-0-exid2,11247,11234
1900,1900,mopt-0-exid2,822,836
1922,1922,symcc-0-exid2,13383,13398
1929,1929,mopt-0-exid2,5884,5902
1932,1932,symcc-0-exid2,713,717
1947,1947,mopt-0-exid2,9900,9897
1949,1949,mopt-0-exid2,773,2468
1960,1960,mopt-0-exid2,2726,2717
1965,1965,mopt-0-exid2,12872,12865
1968,1968,mopt-0-exid2,6124,6129
1982,1982,mopt-0-exid2,9938,9955
1989,1989,mopt-0-exid2,12995,13007
1997,1997,mopt-0-exid2,10142,10147
1999,1999,mopt-0-exid2,11178,11301
2001,2001,mopt-0-exid2,948,962
2014,2014,mopt-0-exid2,10112,10222
2023,2023,mopt-0-exid2,13156,13181
2026,2026,mopt-0-exid2,9639,9649
2045,2045,mopt-0-exid2,280,713
2072,2072,fairfuzz-0-exid2,2701,2836
2087,2087,fairfuzz-0-exid2,3095,3118
2096,2096,fairfuzz-0-exid2,10404,10404
2117,2117,symcc-0-exid2,2010,2015
2120,2120,fairfuzz-0-exid2,5861,5878
2121,2121,symcc-0-exid2,7749,7819
2123,2123,symcc-0-exid2,13156,13181
2126,2126,symcc-0-exid2,5884,5902
2127,2127,symcc-0-exid2,9938,9955
2129,2129,symcc-0-exid2,12872,12865
2130,2130,symcc-0-exid2,10127,10138
2131,2131,symcc-0-exid2,280,965
2175,2175,fairfuzz-0-exid2,13366,13404
2186,2186,aflplusplus-0-exid2,1347,1361
2190,2190,aflplusplus-0-exid2,1389,1403
2191,2191,aflplusplus-0-exid2,9546,9589
2200,2200,aflplusplus-0-exid2,5655,5659
2217,2217,aflplusplus-0-exid2,12617,12675
2237,2237,aflplusplus-0-exid2,1340,2468
2239,2239,aflplusplus-0-exid2,7740,7746
2246,2246,fairfuzz-0-exid2,528,341
2248,2248,aflplusplus-0-exid2,11506,11518
2258,2258,aflplusplus-0-exid2,311,341
2274,2274,aflplusplus-0-exid2,10741,10754
2307,2307,aflplusplus-0-exid2,13383,13398
2314,2314,aflplusplus-0-exid2,8025,8043
2317,2317,aflplusplus-0-exid2,1074,1088
2320,2320,aflplusplus-0-exid2,11220,11281
2328,2328,aflplusplus-0-exid2,9802,9838
2334,2334,symcc-0-exid2,5861,5878
2336,2336,symcc-0-exid2,528,341
2361,2361,aflplusplus-0-exid2,280,1112
2369,2369,aflplusplus-0-exid2,13296,13289
2419,2419,aflplusplus-0-exid2,11058,11069
2432,2432,aflplusplus-0-exid2,2372,2385
2454,2454,aflplusplus-0-exid2,1406,1410
2470,2470,symcc-0-exid2,2738,2744
2510,2510,aflplusplus-0-exid2,2726,2833
2522,2522,fairfuzz-0-exid2,2738,2744
2538,2538,fairfuzz-0-exid2,12466,12475
2539,2539,aflplusplus-0-exid2,965,969
2543,2543,fairfuzz-0-exid2,12830,12901
2581,2581,aflplusplus-0-exid2,280,2010
2618,2618,symcc-0-exid2,12466,12475
2649,2649,aflplusplus-0-exid2,280,944
2656,2656,aflplusplus-0-exid2,10289,10306
2697,2697,aflplusplus-0-exid2,2701,2836
2700,2700,fairfuzz-0-exid2,7361,7361
2832,2832,aflplusplus-0-exid2,1011,1025
2842,2842,aflplusplus-0-exid2,11004,11017
2845,2845,fairfuzz-0-exid2,6009,6028
2921,2921,mopt-0-exid2,280,510
2936,2936,aflplusplus-0-exid2,12466,12475
2941,2941,aflplusplus-0-exid2,717,731
2993,2993,mopt-0-exid2,2814,2836
2999,2999,mopt-0-exid2,983,2468
3011,3011,mopt-0-exid2,2744,2751
3017,3017,mopt-0-exid2,6009,6028
3043,3043,mopt-0-exid2,12830,12901
3057,3057,mopt-0-exid2,7361,7361
3089,3089,mopt-0-exid2,5917,5990
3107,3107,mopt-0-exid2,13366,13404
3209,3209,aflplusplus-0-exid2,10985,10993
3212,3212,aflplusplus-0-exid2,10564,10631
3217,3217,aflplusplus-0-exid2,28662,28669
3221,3221,aflplusplus-0-exid2,10542,10553
3222,3222,aflplusplus-0-exid2,10289,10320
3223,3223,aflplusplus-0-exid2,12995,13007
3224,3224,aflplusplus-0-exid2,10157,10222
3225,3225,aflplusplus-0-exid2,10104,10112
3226,3226,aflplusplus-0-exid2,10135,10142
3227,3227,aflplusplus-0-exid2,9897,9900
3228,3228,aflplusplus-0-exid2,11037,11045
3229,3229,aflplusplus-0-exid2,10127,10142
3230,3230,aflplusplus-0-exid2,10142,10147
3231,3231,aflplusplus-0-exid2,9955,9963
3232,3232,aflplusplus-0-exid2,10127,10138
3233,3233,aflplusplus-0-exid2,10112,10222
3234,3234,aflplusplus-0-exid2,6124,6129
3236,3236,aflplusplus-0-exid2,9639,9649
3237,3237,aflplusplus-0-exid2,11730,11742
3238,3238,aflplusplus-0-exid2,3034,3037
3240,3240,aflplusplus-0-exid2,11247,11234
3242,3242,aflplusplus-0-exid2,13156,13181
3347,3347,aflplusplus-0-exid2,5872,5884
3348,3348,aflplusplus-0-exid2,12872,12865
3349,3349,aflplusplus-0-exid2,5878,5884
3350,3350,aflplusplus-0-exid2,280,510
3352,3352,aflplusplus-0-exid2,3012,3121
3366,3366,aflplusplus-0-exid2,2412,2427
3429,3429,aflplusplus-0-exid2,12830,12901
3535,3535,symcc-0-exid2,5831,5846
3536,3536,symcc-0-exid2,6009,6028
3552,3552,fairfuzz-0-exid2,32107,32141
3559,3559,symcc-0-exid2,32049,32065
3607,3607,fairfuzz-0-exid2,9184,9188
3613,3613,symcc-0-exid2,9176,9184
3614,3614,mopt-0-exid2,13026,13019
3627,3627,fairfuzz-0-exid2,3037,3037
3632,3632,fairfuzz-0-exid2,8892,8900
3635,3635,fairfuzz-0-exid2,8925,8930
3639,3639,fairfuzz-0-exid2,32136,32141
3645,3645,fairfuzz-0-exid2,2288,2292
3651,3651,symcc-0-exid2,8892,8900
3656,3656,mopt-0-exid2,3037,3037
3657,3657,mopt-0-exid2,32049,32065
3658,3658,mopt-0-exid2,9176,9184
3664,3664,mopt-0-exid2,5831,5846
3684,3684,mopt-0-exid2,8925,8930
3690,3690,mopt-0-exid2,8892,8900
3705,3705,symcc-0-exid2,8925,8930
3706,3706,symcc-0-exid2,32115,32136
3707,3707,symcc-0-exid2,13026,13019
3709,3709,symcc-0-exid2,2306,2314
3962,3962,fairfuzz-0-exid2,3305,3321
3968,3968,mopt-0-exid2,9411,9415
3976,3976,symcc-0-exid2,3285,3305
3977,3977,symcc-0-exid2,9411,9415
3981,3981,fairfuzz-0-exid2,9403,9411
3986,3986,fairfuzz-0-exid2,2874,2885
3993,3993,mopt-0-exid2,9082,9087
3994,3994,fairfuzz-0-exid2,9031,9039
4004,4004,fairfuzz-0-exid2,9082,9087
4009,4009,fairfuzz-0-exid2,9165,9169
4016,4016,symcc-0-exid2,9031,9039
4017,4017,symcc-0-exid2,9082,9087
4018,4018,symcc-0-exid2,9157,9165
4019,4019,symcc-0-exid2,2885,2889
4024,4024,fairfuzz-0-exid2,8950,8954
4025,4025,fairfuzz-0-exid2,8960,8978
4035,4035,mopt-0-exid2,2874,2885
4038,4038,mopt-0-exid2,3305,3321
4041,4041,mopt-0-exid2,9165,9169
4042,4042,mopt-0-exid2,8942,8950
4048,4048,aflplusplus-0-exid2,5831,5846
4056,4056,aflplusplus-0-exid2,6009,6028
4057,4057,mopt-0-exid2,8978,8983
4065,4065,mopt-0-exid2,9039,9043
4099,4099,aflplusplus-0-exid2,9205,9210
4100,4100,aflplusplus-0-exid2,9184,9188
4101,4101,aflplusplus-0-exid2,13026,13019
4102,4102,aflplusplus-0-exid2,3037,3037
4103,4103,aflplusplus-0-exid2,8900,8904
4104,4104,aflplusplus-0-exid2,8925,8930
4105,4105,aflplusplus-0-exid2,32136,32141
4106,4106,aflplusplus-0-exid2,2240,2266
4166,4166,aflplusplus-0-exid2,3305,3321
4167,4167,aflplusplus-0-exid2,9411,9415
4168,4168,aflplusplus-0-exid2,2874,2885
4169,4169,aflplusplus-0-exid2,9082,9087
4170,4170,aflplusplus-0-exid2,9039,9043
4189,4189,aflplusplus-0-exid2,9157,9165
4190,4190,aflplusplus-0-exid2,8942,8950
4191,4191,aflplusplus-0-exid2,8960,8978
4195,4195,symcc-0-exid2,9147,9151
4225,4225,mopt-0-exid2,9139,9147
4241,4241,symcc-0-exid2,8978,8983
4242,4242,symcc-0-exid2,8942,8950
4260,4260,symcc-0-exid2,9099,9107
4264,4264,symcc-0-exid2,9117,9125
4271,4271,aflplusplus-0-exid2,9147,9151
4281,4281,aflplusplus-0-exid2,9099,9107
4282,4282,aflplusplus-0-exid2,9125,9129
4283,4283,fairfuzz-0-exid2,2306,2321
4298,4298,symcc-0-exid2,1474,1478
4301,4301,symcc-0-exid2,1543,1569
4310,4310,symcc-0-exid2,2306,2321
4314,4314,mopt-0-exid2,9125,9129
4317,4317,mopt-0-exid2,2306,2321
4318,4318,mopt-0-exid2,9107,9111
4327,4327,mopt-0-exid2,1474,1478
4328,4328,mopt-0-exid2,1543,1569
4337,4337,symcc-0-exid2,8991,8999
4353,4353,symcc-0-exid2,1628,1639
4374,4374,symcc-0-exid2,7749,7749
4380,4380,fairfuzz-0-exid2,7749,7749
4382,4382,symcc-0-exid2,28669,28675
4405,4405,fairfuzz-0-exid2,8999,9003
4412,4412,fairfuzz-0-exid2,5831,5846
4422,4422,fairfuzz-0-exid2,9107,9111
4439,4439,fairfuzz-0-exid2,1474,1478
4451,4451,fairfuzz-0-exid2,9139,9147
4475,4475,fairfuzz-0-exid2,13026,13019
4477,4477,fairfuzz-0-exid2,9117,9125
4485,4485,fairfuzz-0-exid2,1543,1569
4495,4495,mopt-0-exid2,7749,7749
4496,4496,mopt-0-exid2,1628,1639
4497,4497,mopt-0-exid2,8999,9003
4520,4520,mopt-0-exid2,2902,2906
4524,4524,symcc-0-exid2,2902,2906
4533,4533,mopt-0-exid2,12806,12799
4538,4538,symcc-0-exid2,9021,9025
4546,4546,symcc-0-exid2,9052,9060
4577,4577,mopt-0-exid2,9013,9021
4578,4578,mopt-0-exid2,9052,9060
4603,4603,aflplusplus-0-exid2,1463,1474
4618,4618,aflplusplus-0-exid2,1569,1573
4620,4620,aflplusplus-0-exid2,8991,8999
4621,4621,aflplusplus-0-exid2,1639,1643
4622,4622,aflplusplus-0-exid2,7749,7749
4660,4660,aflplusplus-0-exid2,2306,2321
4665,4665,aflplusplus-0-exid2,2902,2906
4666,4666,aflplusplus-0-exid2,9013,9021
4667,4667,aflplusplus-0-exid2,9060,9066
4680,4680,symcc-0-exid2,7361,7361
4953,4953,aflplusplus-0-exid2,7361,7361
5113,5113,fairfuzz-0-exid2,2902,2906
5134,5134,fairfuzz-0-exid2,9052,9060
5381,5381,fairfuzz-0-exid2,9021,9025
5426,5426,fairfuzz-0-exid2,12806,12799
5902,5902,symcc-0-exid2,10754,10760
5967,5967,symcc-0-exid2,2755,2776
6038,6038,fairfuzz-0-exid2,2755,2776
6095,6095,aflplusplus-0-exid2,2776,2780
6129,6129,mopt-0-exid2,2755,2776
6289,6289,mopt-0-exid2,5571,5571
6301,6301,aflplusplus-0-exid2,5571,5571
6482,6482,symcc-0-exid2,5571,5571
6562,6562,mopt-0-exid2,5453,5466
6565,6565,symcc-0-exid2,5564,5586
6894,6894,fairfuzz-0-exid2,11742,11730
6920,6920,fairfuzz-0-exid2,11730,11737
6923,6923,fairfuzz-0-exid2,11710,11714
6924,6924,symcc-0-exid2,11742,11730
6925,6925,symcc-0-exid2,11730,11737
6931,6931,mopt-0-exid2,11737,11742
6932,6932,mopt-0-exid2,9232,9241
6946,6946,symcc-0-exid2,11677,11716
6947,6947,symcc-0-exid2,11677,11714
6958,6958,symcc-0-exid2,11645,11653
6960,6960,symcc-0-exid2,11677,11682
6969,6969,symcc-0-exid2,9275,9285
6972,6972,fairfuzz-0-exid2,11645,11653
6973,6973,fairfuzz-0-exid2,11677,11716
6975,6975,fairfuzz-0-exid2,11696,11707
6976,6976,fairfuzz-0-exid2,9241,9249
6979,6979,fairfuzz-0-exid2,9241,9259
6980,6980,fairfuzz-0-exid2,9241,9275
6982,6982,fairfuzz-0-exid2,9241,9271
6983,6983,fairfuzz-0-exid2,11677,11714
6986,6986,symcc-0-exid2,9271,9285
6988,6988,fairfuzz-0-exid2,9241,9267
6991,6991,symcc-0-exid2,11017,11004
7002,7002,fairfuzz-0-exid2,5483,5540
7034,7034,fairfuzz-0-exid2,5571,5571
7052,7052,fairfuzz-0-exid2,11017,11004
7093,7093,symcc-0-exid2,9267,9285
7095,7095,symcc-0-exid2,9241,9259
7110,7110,symcc-0-exid2,12806,12799
7112,7112,aflplusplus-0-exid2,11742,11730
7113,7113,aflplusplus-0-exid2,11638,11645
7114,7114,aflplusplus-0-exid2,11677,11716
7115,7115,aflplusplus-0-exid2,11677,11714
7117,7117,aflplusplus-0-exid2,11645,11653
7118,7118,aflplusplus-0-exid2,11682,11691
7119,7119,aflplusplus-0-exid2,9275,9285
7120,7120,aflplusplus-0-exid2,9241,9259
7121,7121,aflplusplus-0-exid2,9241,9271
7122,7122,aflplusplus-0-exid2,9241,9267
7123,7123,aflplusplus-0-exid2,11017,11004
7133,7133,aflplusplus-0-exid2,11737,11753
7154,7154,mopt-0-exid2,11017,11004
7155,7155,mopt-0-exid2,10754,10741
7159,7159,mopt-0-exid2,9241,9275
7160,7160,mopt-0-exid2,9241,9271
7162,7162,mopt-0-exid2,11677,11714
7163,7163,mopt-0-exid2,11677,11682
7164,7164,mopt-0-exid2,11677,11716
7168,7168,mopt-0-exid2,9241,9259
7178,7178,mopt-0-exid2,9267,9285
7186,7186,mopt-0-exid2,11737,11753
7407,7407,fairfuzz-0-exid2,5564,5567
7450,7450,aflplusplus-0-exid2,5540,5544
7464,7464,mopt-0-exid2,5564,5567
7525,7525,fairfuzz-0-exid2,10754,10741
7539,7539,symcc-0-exid2,5564,5567
7563,7563,mopt-0-exid2,5496,5540
7579,7579,mopt-0-exid2,5466,5567
7707,7707,fairfuzz-0-exid2,11737,11753
7735,7735,fairfuzz-0-exid2,5493,5496
7751,7751,fairfuzz-0-exid2,5466,5567
7936,7936,symcc-0-exid2,5483,5493
8240,8240,symcc-0-exid2,3118,3246
8348,8348,symcc-0-exid2,2793,2797
8353,8353,mopt-0-exid2,2780,2793
8889,8889,fairfuzz-0-exid2,2793,2797
8961,8961,symcc-0-exid2,10754,10741
9373,9373,symcc-0-exid2,9263,9285
9376,9376,mopt-0-exid2,9263,9285
9406,9406,symcc-0-exid2,650,654
9408,9408,mopt-0-exid2,280,650
9431,9431,aflplusplus-0-exid2,10754,10741
9450,9450,aflplusplus-0-exid2,9241,9263
9457,9457,aflplusplus-0-exid2,280,650
9612,9612,fairfuzz-0-exid2,668,2468
9621,9621,fairfuzz-0-exid2,9263,9285
9784,9784,symcc-0-exid2,9241,9255
9792,9792,mopt-0-exid2,9241,9255
9817,9817,fairfuzz-0-exid2,9255,9285
10055,10055,aflplusplus-0-exid2,9255,9285
10333,10333,mopt-0-exid2,2696,2701
10337,10337,symcc-0-exid2,2696,2701
10371,10371,symcc-0-exid2,5466,5567
10474,10474,aflplusplus-0-exid2,2692,2696
10479,10479,aflplusplus-0-exid2,5466,5567
10889,10889,fairfuzz-0-exid2,2696,2701
