,discovery_time,crash_frames_hash
0,6,0646f8dc98605131cbd13c096e45cad3
1,6,e962321310000bd8f0df569f7feedb44
2,6,6128f51c6c406ea6fb7c22ab72995672
3,6,cba4c4a26a9acbe4942b5a0f31f84451
4,6,6cd47e5aebb4297df5acaba2b6b80a23
5,6,884ec7d3390930225f967542efadb816
6,6,85d525a5ed697ac02f7bf45f82035839
7,6,b684b91573dd0c7ddc4935ec8f3ba6a3
8,6,036970cadbf3539a826ad22b62f77d20
9,6,0ab214692ecb89468e279d02fe53320c
10,6,76963e8d3021a3a3740288656624dc7e
11,6,e0c7e593bb81a6ff05eb77f65af7cc7c
12,8,32792956b9c80ab5079b134198ca61b8
13,8,5130600714e96c95bd2bccd69d07f496
14,10,404bda1b199064724efef5872299313a
15,10,822aa6c6e293b6234ac2dd3610e0eaf3
16,13,5ae32016c91ba99ef4545e0f2a6c42dd
17,13,e47d8c0bac54f00eadd6e1e2e3662c65
18,18,20342dca7c121d150537a553601f2cff
19,18,7eb8a033fb93be1a166b929b057f47e8
20,19,3b34085a6c59f7df3b1f34b996a4eacc
21,19,96f96aaa3e6be22754adfddb27164944
22,21,01b500657eb3eed1b45b5347a3832f6e
23,21,db49e5091659cea81ceb888e9e82108b
24,25,5b36fbb5cf67b603f44fc2228af0218a
25,25,90e4e93374ee95f213213658c2bf72c3
26,26,2d91054c9de94c5eca7ef99745635aa8
27,26,b71cb45c0e69aebbecc7a064fa470eeb
28,26,cd1441e8dfe39c370ba2732fdd1f4b4f
29,26,31b818f6b84cdfb659fe8928c4138272
30,26,db26c23d2898fd1af9ef6a59db9b5c4a
31,32,66cecc259f05a8d3bfff1fc273c4224f
32,32,f8be52f2f55e4e3a6786e7a0c6d42ac4
33,35,0c22f5df8527d37af8fb39cf84536a5f
34,35,eb5d682f5a89e229ebd2b7426817c68a
35,36,b3e2e218e7943d0f1bfb2dda43cd1262
36,39,8b389ba44aa3acfc7a830079d7223d26
37,39,9ca6690d16f1085e43e3fa570dddb4d6
38,39,ab82a35ef635651378049cee2e629e6a
39,39,c7d2cebfec5264147deaa0c4941e6db3
40,40,40f1c3f1b305c9a217e4613dda5fe6f9
41,40,6af674ab4d03f120df5b8d533dbfba29
42,40,4d76847d0ec0b1e91b6ea807f0854191
43,40,8c05d58d5592cd4ca68c9e318ce280d7
44,40,9ca2050690b5fbe6c4d617cce3101ce1
45,40,57890460dfe5926c20024863347d9d1d
46,40,c6b40a134598dcb28b7835932910f147
47,53,0c0e53750432c40bb4f59a18c3dea84c
48,53,eba863f5303a116e3e406095cb9d9508
49,54,0ff5d2c1e4d1f2abb970c81bbf93aff7
50,54,7b5bad529ef025686e8e057d89315614
51,54,a68b23068d3f1d2f0ba0dc3c41286e6f
52,56,68fd76a6b2da08e5dd8090d924d89977
53,56,722cb0d0166bee970f9ef07787900c9a
54,59,28dabfdba8c093d7b3f2fcda4f32016a
55,59,f1d628f0aa1f6c74839caabe752386a6
56,67,29c9bea4133ee9c945c5692f13ce2abb
57,67,fd034a6edf6c2fa2bf0cf8afe6ed5cf5
58,68,50b003deb4b331c44241db4cea752ee4
59,68,7dd30d6c4aa394cae217d6922a082550
60,68,1f532cecffb61353988a3517494fc9e2
61,68,6dd4a19f5b682d9eda18733f53d7092c
62,68,8da6438814ae14ea9141c9bb025380c4
63,68,985a68778992a3e4701a26d4e955c8e2
64,88,0f44695389213eaaa9d22f82e4a1bbdc
65,88,189d3af2d351e4a957a2cdee6427f4fd
66,92,553da1631e4644a8233d72607b76b023
67,92,c23d49d464482eb996d08f509d802321
68,120,80dc08ce3e7681ffe66441dc3d3eaf31
69,122,5792677fbbcd4b20faedab348e435279
70,122,dce33dd1e86fcd7160ed5a0ff73422ac
71,126,9998a4fe7585775b5b5fac75696a1ccc
72,126,1de1adfe99291fcb6fac8e9ec1a1d520
73,126,881c889b0d0e954fcc9098fea94bdc84
74,133,97fe955b4a8cb5e8cb4e6e920aa9da6d
75,133,a8e5d185fc13ac02ff6e78dc094679c5
76,142,2670e464370682164bd6532823c010f4
77,142,3bd4843f95bb7a4a3a99b88119055a77
78,148,070ba31683323066fe5594bc96ae71d1
79,148,cc17b0041b6531a93c4bfa99cf98050a
80,151,1992061dcb3108268d9f797308b7d0c9
81,151,9ab3432f4facb163f123f994982a58f7
82,153,4eeae1a8cb9fb50a217baf473580b6ae
83,153,db1de9b92055263c589c7085174ef753
84,157,b453799f5c179081bcc588ea5f2d778f
85,157,e0da2f949bfa86be1950838514bfb75a
86,160,355864b311673634226216ec29214457
87,160,e7e1ccf245a89c564af22a5f0cbd2336
88,174,cbe1c75c25d6dc91f0044aa89c7fad45
89,174,e16ae318e765808295506892e6858caa
90,176,4a436bc2ae0b651b32668457aab5f28a
91,176,a5405891c81691e1eec2684d72a85f21
92,207,769e92b15f2022e4c13673ec48a8344b
93,207,a8ef0ddff31ed04f51819b8f2a530d4f
94,207,f04a6fa19bd695650c8b8072c25700f5
95,219,3f7c48601414711f9d701293708e17a0
96,219,8e2053403599632efd8950716445c346
97,233,3eb5851e990e6e543e3861801339bdd6
98,233,4e43a8f41176f5f2981445eb13e7fcbc
99,233,320e5f617e0557e33be8d59d27e96b9f
100,248,38437eee2d9c701de96336291632678f
101,248,e6d7a1d059817b81e9924cd15c91399b
102,271,158451269c95aabc43bea3f0711dfebf
103,271,5d358e824d65a4dae55a6405dcf2eb3c
104,284,0c809dc479e32efbbfe3e1e2e8f86045
105,284,f51ba2c3a608d38078af9e8834755d7a
106,285,7955604df67ffcf65427a58682b0f595
107,285,d1121efa09a3fdc4bd286ad890ebdcc3
108,291,37e3e9076524a4b2ea46592e302a3160
109,291,a8096fe8a03d5c3886069f170d340f05
110,299,98a686beaa005bf6c8f4d08238289d07
111,299,b80e6dc2c58ea5c3f659ffff15b4c967
112,317,3a1d747a5149ed41258d433d1fb16525
113,317,a1f9bf71373989b562673eb5920a6b8a
114,330,8dd6c3eec0a5897b70d8e688d3de81d0
115,330,ec9d12359535275b31e99b67a0ed327f
116,339,133dfe6c85a6eec4873fda81709b7915
117,339,2eb17d1c49b2fefb8b5d4ff02e94a58c
118,339,85d1d826f34b1d5fe7cb003081ce55ac
119,352,f2407df2854f370297147b5c4ed6a8d6
120,352,f7b10243bc4ae61146b7ff995c7972e6
121,352,6a455c9d52f4e3b7090f68c6a36b4ad5
122,352,8b816d8f978140e8aede194cc3645991
123,392,bbdb462f4d9f5326592a154553747863
124,392,f7e87bb58d33e863c8f322c0ade43b0b
125,457,3729b0e14bb1b881d5a7e4866fee69b1
126,457,db80b15e54f8e36ce3be97bdcd543688
127,486,08ca7b2ca1c99db338517f8acbb587e7
128,486,a190c7f5e1672cc05575fe4f38ee9a40
129,562,0630650325b8d516707467f9ce32db0d
130,562,ec6ee55e4cefbc1e83a5fadea0fbdc07
131,564,2df8fce84ecca91f20883283f177a682
132,564,aaf3961ef15af564de22890df357e555
133,585,51ea19cf3cdd0032322d439a97abf293
134,585,64f3eee2c7b2e4594b050aa702a3f154
135,586,5ffff55bb70ca93a6d1ea49c23161e9c
136,586,b8f4aa699bfd494b786506c1a27acebf
137,593,fc53f23535a055df2118872da607402e
138,672,bd972527ccfbe1a07a49523b5a6fda82
139,736,0d8b35881738400a4e61689732dcbf16
140,736,b7f1eef0c460844150d177ad233ffe43
141,738,c2c3e73b6671997475b1eb8185e5e6d8
142,738,d8b742ad34803237e604b391b201201e
143,741,5dbd59db9fbfa619db19e3ee161ea098
144,741,c764e6a661b1693be2e3fb7b9e59345a
145,857,78c5fe1e9fea41710ccf42d74a3642be
146,857,8590b2ad25e44c36b8c6d6080ee36a39
147,927,32f49f0290a36405089a877339db7a86
148,927,7a11d04211dcb976f11e9dc713979dd6
149,968,05088b24dd213b7553cf551bca2a4906
150,968,95b6f57e98218487e599c75cc17350c5
151,1014,5d2f29e901a6016e7d55804ebb557c1a
152,1049,3081e31e13e7a7b13e39e968dad92b29
153,1049,50e0f9e8d54b0508fbd4debf7c725c4d
154,1059,a11d7e232444c4365fb77c387d3d377e
155,1059,549bf0391f49ccd275bd071856626552
156,1194,8effb5e69685f15e0c0f48ec90397186
157,1223,72c242344003514a20389691f3f5976b
158,1223,c181d3ff2b59a8f71034759790f76d1e
159,1300,a372cb9db00a439c7fb0b717810f5088
160,1300,cef3cdac43e27e487e4ebaee3f1f4124
